objectid,filename,title,creator,mine,depth,date,description,subject,location,latitude,longitude,source,format original,format,type,identifier,language,rights,rightsstatement
watkins0,akchurin.jpg,Anaconda Mine 1000 ft. level East [no. 1163],"Watkins, Carleton E.",Anaconda Mine,1000,1890,This is a test change.,"Watkins, Carleton E., 1829-1916; Anaconda Company; Butte (Mont.); Photographic prints",Anaconda Mine; Butte; Silver Bow County; Montana; United States,46.01972222,-112.5236111,"Carleton E. Watkins photographs, 1890, PG 89, University of Idaho Library Special Collections and Archives. https://www.lib.uidaho.edu/digital/watkins/",Black and White Photograph,image/jpeg,Image;StillImage,89-1163,eng,"Material has likely passed into public domain. Digital reproductions are made available by University of Idaho Library for educational purposes, and future use should acknowledge this repository. For more information, please contact University of Idaho Library Special Collections and Archives Department at libspec@uidaho.edu. The University of Idaho Library is not liable for any violations of the law by users.",http://rightsstatements.org/vocab/NoC-US/1.0/
watkins1,andress.png,Anaconda Mine 1000 ft. level West [no. 1172],"Watkins, Carleton E.",Anaconda Mine,1000,1890,Anaconda Mine 1000 level West Ore 75 ft.,"Watkins, Carleton E., 1829-1916; Anaconda Company; Butte (Mont.); Photographic prints",Anaconda Mine; Butte; Silver Bow County; Montana; United States,46.01972222,-112.5236111,"Carleton E. Watkins photographs, 1890, PG 89, University of Idaho Library Special Collections and Archives. https://www.lib.uidaho.edu/digital/watkins/",Black and White Photograph,image/jpeg,Image;StillImage,89-1172,eng,"Material has likely passed into public domain. Digital reproductions are made available by University of Idaho Library for educational purposes, and future use should acknowledge this repository. For more information, please contact University of Idaho Library Special Collections and Archives Department at libspec@uidaho.edu. The University of Idaho Library is not liable for any violations of the law by users.",http://rightsstatements.org/vocab/NoC-US/1.0/
watkins2,apostolopoulos.png,Anaconda Mine 900 ft. level West [no. 1173],"Watkins, Carleton E.",Anaconda Mine,900,1890,Anaconda Mine 900 level West Ore 80 ft.,"Watkins, Carleton E., 1829-1916; Anaconda Company; Butte (Mont.); Photographic prints",Anaconda Mine; Butte; Silver Bow County; Montana; United States,46.01972222,-112.5236111,"Carleton E. Watkins photographs, 1890, PG 89, University of Idaho Library Special Collections and Archives. https://www.lib.uidaho.edu/digital/watkins/",Black and White Photograph,image/jpeg,Image;StillImage,89-1173,eng,"Material has likely passed into public domain. Digital reproductions are made available by University of Idaho Library for educational purposes, and future use should acknowledge this repository. For more information, please contact University of Idaho Library Special Collections and Archives Department at libspec@uidaho.edu. The University of Idaho Library is not liable for any violations of the law by users.",http://rightsstatements.org/vocab/NoC-US/1.0/
watkins3,badetti.jpg,Anaconda Mine 900 ft. level East [no. 1174],"Watkins, Carleton E.",Anaconda Mine,900,1890,Anaconda Mine 900 level East Ore 80 ft.,"Watkins, Carleton E., 1829-1916; Anaconda Company; Butte (Mont.); Photographic prints",Anaconda Mine; Butte; Silver Bow County; Montana; United States,46.01972222,-112.5236111,"Carleton E. Watkins photographs, 1890, PG 89, University of Idaho Library Special Collections and Archives. https://www.lib.uidaho.edu/digital/watkins/",Black and White Photograph,image/jpeg,Image;StillImage,89-1174,eng,"Material has likely passed into public domain. Digital reproductions are made available by University of Idaho Library for educational purposes, and future use should acknowledge this repository. For more information, please contact University of Idaho Library Special Collections and Archives Department at libspec@uidaho.edu. The University of Idaho Library is not liable for any violations of the law by users.",http://rightsstatements.org/vocab/NoC-US/1.0/
watkins4,ballicora.jpg,Anaconda Mine 900 ft. level West [no. 1175],"Watkins, Carleton E.",Anaconda Mine,900,1890,Anaconda Mine 900 level West Ore 80 ft.,"Watkins, Carleton E., 1829-1916; Anaconda Company; Butte (Mont.); Photographic prints",Anaconda Mine; Butte; Silver Bow County; Montana; United States,46.01972222,-112.5236111,"Carleton E. Watkins photographs, 1890, PG 89, University of Idaho Library Special Collections and Archives. https://www.lib.uidaho.edu/digital/watkins/",Black and White Photograph,image/jpeg,Image;StillImage,89-1175,eng,"Material has likely passed into public domain. Digital reproductions are made available by University of Idaho Library for educational purposes, and future use should acknowledge this repository. For more information, please contact University of Idaho Library Special Collections and Archives Department at libspec@uidaho.edu. The University of Idaho Library is not liable for any violations of the law by users.",http://rightsstatements.org/vocab/NoC-US/1.0/
watkins5,bohanon.jpg,Anaconda Mine 900 ft. level East [no. 1176],"Watkins, Carleton E.",Anaconda Mine,900,1890,Anaconda Mine 900 level East Wealth of ore 80 ft.,"Watkins, Carleton E., 1829-1916; Anaconda Company; Butte (Mont.); Photographic prints",Anaconda Mine; Butte; Silver Bow County; Montana; United States,46.01972222,-112.5236111,"Carleton E. Watkins photographs, 1890, PG 89, University of Idaho Library Special Collections and Archives. https://www.lib.uidaho.edu/digital/watkins/",Black and White Photograph,image/jpeg,Image;StillImage,89-1176,eng,"Material has likely passed into public domain. Digital reproductions are made available by University of Idaho Library for educational purposes, and future use should acknowledge this repository. For more information, please contact University of Idaho Library Special Collections and Archives Department at libspec@uidaho.edu. The University of Idaho Library is not liable for any violations of the law by users.",http://rightsstatements.org/vocab/NoC-US/1.0/
watkins6,bolles.jpg,Anaconda Mine 900 ft. level East [no. 1177],"Watkins, Carleton E.",Anaconda Mine,900,1890,Anaconda Mine 900 level East Ore 80 ft.,"Watkins, Carleton E., 1829-1916; Anaconda Company; Butte (Mont.); Photographic prints",Anaconda Mine; Butte; Silver Bow County; Montana; United States,46.01972222,-112.5236111,"Carleton E. Watkins photographs, 1890, PG 89, University of Idaho Library Special Collections and Archives. https://www.lib.uidaho.edu/digital/watkins/",Black and White Photograph,image/jpeg,Image;StillImage,89-1177,eng,"Material has likely passed into public domain. Digital reproductions are made available by University of Idaho Library for educational purposes, and future use should acknowledge this repository. For more information, please contact University of Idaho Library Special Collections and Archives Department at libspec@uidaho.edu. The University of Idaho Library is not liable for any violations of the law by users.",http://rightsstatements.org/vocab/NoC-US/1.0/
watkins7,bost.jpg,Anaconda Mine 900 ft. level East [no. 1178],"Watkins, Carleton E.",Anaconda Mine,900,1890,Anaconda Mine 900 level East Ore 80 ft.,"Watkins, Carleton E., 1829-1916; Anaconda Company; Butte (Mont.); Photographic prints",Anaconda Mine; Butte; Silver Bow County; Montana; United States,46.01972222,-112.5236111,"Carleton E. Watkins photographs, 1890, PG 89, University of Idaho Library Special Collections and Archives. https://www.lib.uidaho.edu/digital/watkins/",Black and White Photograph,image/jpeg,Image;StillImage,89-1178,eng,"Material has likely passed into public domain. Digital reproductions are made available by University of Idaho Library for educational purposes, and future use should acknowledge this repository. For more information, please contact University of Idaho Library Special Collections and Archives Department at libspec@uidaho.edu. The University of Idaho Library is not liable for any violations of the law by users.",http://rightsstatements.org/vocab/NoC-US/1.0/
watkins8,bucholz.jpeg,St. Lawrence Mine 800 ft. level West [no. 1179],"Watkins, Carleton E.",St. Lawrence Mine,800,1890,St. Lawrence 800 level West Ore 40 ft.,"Watkins, Carleton E., 1829-1916; Anaconda Company; Butte (Mont.); Photographic prints",St. Lawrence Mine; Butte; Silver Bow County; Montana; United States,46.01944444,-112.52,"Carleton E. Watkins photographs, 1890, PG 89, University of Idaho Library Special Collections and Archives. https://www.lib.uidaho.edu/digital/watkins/",Black and White Photograph,image/jpeg,Image;StillImage,89-1179,eng,"Material has likely passed into public domain. Digital reproductions are made available by University of Idaho Library for educational purposes, and future use should acknowledge this repository. For more information, please contact University of Idaho Library Special Collections and Archives Department at libspec@uidaho.edu. The University of Idaho Library is not liable for any violations of the law by users.",http://rightsstatements.org/vocab/NoC-US/1.0/
watkins9,buitron.png,St. Lawrence Mine 800 ft. level West [no. 1181],"Watkins, Carleton E.",St. Lawrence Mine,800,1890,St. Lawrence 800 level West Ore 40 ft.,"Watkins, Carleton E., 1829-1916; Anaconda Company; Butte (Mont.); Photographic prints",St. Lawrence Mine; Butte; Silver Bow County; Montana; United States,46.01944444,-112.52,"Carleton E. Watkins photographs, 1890, PG 89, University of Idaho Library Special Collections and Archives. https://www.lib.uidaho.edu/digital/watkins/",Black and White Photograph,image/jpeg,Image;StillImage,89-1181,eng,"Material has likely passed into public domain. Digital reproductions are made available by University of Idaho Library for educational purposes, and future use should acknowledge this repository. For more information, please contact University of Idaho Library Special Collections and Archives Department at libspec@uidaho.edu. The University of Idaho Library is not liable for any violations of the law by users.",http://rightsstatements.org/vocab/NoC-US/1.0/
watkins10,cantwell.jpg,St. Lawrence Mine 800 ft. level West [no. 1180],"Watkins, Carleton E.",St. Lawrence Mine,800,1890,St. Lawrence 800 level West Ore 40 ft.,"Watkins, Carleton E., 1829-1916; Anaconda Company; Butte (Mont.); Photographic prints",St. Lawrence Mine; Butte; Silver Bow County; Montana; United States,46.01944444,-112.52,"Carleton E. Watkins photographs, 1890, PG 89, University of Idaho Library Special Collections and Archives. https://www.lib.uidaho.edu/digital/watkins/",Black and White Photograph,image/jpeg,Image;StillImage,89-1180,eng,"Material has likely passed into public domain. Digital reproductions are made available by University of Idaho Library for educational purposes, and future use should acknowledge this repository. For more information, please contact University of Idaho Library Special Collections and Archives Department at libspec@uidaho.edu. The University of Idaho Library is not liable for any violations of the law by users.",http://rightsstatements.org/vocab/NoC-US/1.0/
watkins11,caughie.jpg,Anaconda Mine 1000 ft. level East [no. 1164],"Watkins, Carleton E.",Anaconda Mine,1000,1890,Anaconda Mine 1000 level East. Wealth of ore 45 ft.,"Watkins, Carleton E., 1829-1916; Anaconda Company; Butte (Mont.); Photographic prints",Anaconda Mine; Butte; Silver Bow County; Montana; United States,46.01972222,-112.5236111,"Carleton E. Watkins photographs, 1890, PG 89, University of Idaho Library Special Collections and Archives. https://www.lib.uidaho.edu/digital/watkins/",Black and White Photograph,image/jpeg,Image;StillImage,89-1164,eng,"Material has likely passed into public domain. Digital reproductions are made available by University of Idaho Library for educational purposes, and future use should acknowledge this repository. For more information, please contact University of Idaho Library Special Collections and Archives Department at libspec@uidaho.edu. The University of Idaho Library is not liable for any violations of the law by users.",http://rightsstatements.org/vocab/NoC-US/1.0/
watkins12,cavallo.PNG,St. Lawrence Mine 800 ft. level West [no. 1182],"Watkins, Carleton E.",St. Lawrence Mine,800,1890,St. Lawrence 800 level West Ore 40 ft.,"Watkins, Carleton E., 1829-1916; Anaconda Company; Butte (Mont.); Photographic prints",St. Lawrence Mine; Butte; Silver Bow County; Montana; United States,46.01944444,-112.52,"Carleton E. Watkins photographs, 1890, PG 89, University of Idaho Library Special Collections and Archives. https://www.lib.uidaho.edu/digital/watkins/",Black and White Photograph,image/jpeg,Image;StillImage,89-1182,eng,"Material has likely passed into public domain. Digital reproductions are made available by University of Idaho Library for educational purposes, and future use should acknowledge this repository. For more information, please contact University of Idaho Library Special Collections and Archives Department at libspec@uidaho.edu. The University of Idaho Library is not liable for any violations of the law by users.",http://rightsstatements.org/vocab/NoC-US/1.0/
watkins13,chan-tin.png,St. Lawrence Mine 700 ft. level East [no. 1183],"Watkins, Carleton E.",St. Lawrence Mine,700,1890,St. Lawrence 700 level East Ore 36 ft.,"Watkins, Carleton E., 1829-1916; Anaconda Company; Butte (Mont.); Photographic prints",St. Lawrence Mine; Butte; Silver Bow County; Montana; United States,46.01944444,-112.52,"Carleton E. Watkins photographs, 1890, PG 89, University of Idaho Library Special Collections and Archives. https://www.lib.uidaho.edu/digital/watkins/",Black and White Photograph,image/jpeg,Image;StillImage,89-1183,eng,"Material has likely passed into public domain. Digital reproductions are made available by University of Idaho Library for educational purposes, and future use should acknowledge this repository. For more information, please contact University of Idaho Library Special Collections and Archives Department at libspec@uidaho.edu. The University of Idaho Library is not liable for any violations of the law by users.",http://rightsstatements.org/vocab/NoC-US/1.0/
watkins14,chee.jpg,St. Lawrence Mine 700 ft. level East [no. 1184],"Watkins, Carleton E.",St. Lawrence Mine,700,1890,St. Lawrence 700 level East Ore 36 ft.,"Watkins, Carleton E., 1829-1916; Anaconda Company; Butte (Mont.); Photographic prints",St. Lawrence Mine; Butte; Silver Bow County; Montana; United States,46.01944444,-112.52,"Carleton E. Watkins photographs, 1890, PG 89, University of Idaho Library Special Collections and Archives. https://www.lib.uidaho.edu/digital/watkins/",Black and White Photograph,image/jpeg,Image;StillImage,89-1184,eng,"Material has likely passed into public domain. Digital reproductions are made available by University of Idaho Library for educational purposes, and future use should acknowledge this repository. For more information, please contact University of Idaho Library Special Collections and Archives Department at libspec@uidaho.edu. The University of Idaho Library is not liable for any violations of the law by users.",http://rightsstatements.org/vocab/NoC-US/1.0/
watkins15,conley.PNG,St. Lawrence Mine 800 ft. level East [no. 1185],"Watkins, Carleton E.",St. Lawrence Mine,800,1890,St. Lawrence 800 level East Ore 35 ft.,"Watkins, Carleton E., 1829-1916; Anaconda Company; Butte (Mont.); Photographic prints",St. Lawrence Mine; Butte; Silver Bow County; Montana; United States,46.01944444,-112.52,"Carleton E. Watkins photographs, 1890, PG 89, University of Idaho Library Special Collections and Archives. https://www.lib.uidaho.edu/digital/watkins/",Black and White Photograph,image/jpeg,Image;StillImage,89-1185,eng,"Material has likely passed into public domain. Digital reproductions are made available by University of Idaho Library for educational purposes, and future use should acknowledge this repository. For more information, please contact University of Idaho Library Special Collections and Archives Department at libspec@uidaho.edu. The University of Idaho Library is not liable for any violations of the law by users.",http://rightsstatements.org/vocab/NoC-US/1.0/
watkins16,cornelius.jpg,St. Lawrence Mine Pump Station 400' level [no. 1186],"Watkins, Carleton E.",St. Lawrence Mine,400,1890,St. Lawrence Pump Station 400 level,"Watkins, Carleton E., 1829-1916; Anaconda Company; Butte (Mont.); Photographic prints",St. Lawrence Mine; Butte; Silver Bow County; Montana; United States,46.01944444,-112.52,"Carleton E. Watkins photographs, 1890, PG 89, University of Idaho Library Special Collections and Archives. https://www.lib.uidaho.edu/digital/watkins/",Black and White Photograph,image/jpeg,Image;StillImage,89-1186,eng,"Material has likely passed into public domain. Digital reproductions are made available by University of Idaho Library for educational purposes, and future use should acknowledge this repository. For more information, please contact University of Idaho Library Special Collections and Archives Department at libspec@uidaho.edu. The University of Idaho Library is not liable for any violations of the law by users.",http://rightsstatements.org/vocab/NoC-US/1.0/
watkins17,davidson.jpg,St. Lawrence Mine 600 ft. level East [no. 1187],"Watkins, Carleton E.",St. Lawrence Mine,600,1890,St. Lawrence 600 level East Ore 35 ft.,"Watkins, Carleton E., 1829-1916; Anaconda Company; Butte (Mont.); Photographic prints",St. Lawrence Mine; Butte; Silver Bow County; Montana; United States,46.01944444,-112.52,"Carleton E. Watkins photographs, 1890, PG 89, University of Idaho Library Special Collections and Archives. https://www.lib.uidaho.edu/digital/watkins/",Black and White Photograph,image/jpeg,Image;StillImage,89-1187,eng,"Material has likely passed into public domain. Digital reproductions are made available by University of Idaho Library for educational purposes, and future use should acknowledge this repository. For more information, please contact University of Idaho Library Special Collections and Archives Department at libspec@uidaho.edu. The University of Idaho Library is not liable for any violations of the law by users.",http://rightsstatements.org/vocab/NoC-US/1.0/
watkins18,demo_001.jpg,St. Lawrence Mine 600 ft. level East [no. 1188],"Watkins, Carleton E.",St. Lawrence Mine,600,1890,St. Lawrence 600 level East Ore 35 ft.,"Watkins, Carleton E., 1829-1916; Anaconda Company; Butte (Mont.); Photographic prints",St. Lawrence Mine; Butte; Silver Bow County; Montana; United States,46.01944444,-112.52,"Carleton E. Watkins photographs, 1890, PG 89, University of Idaho Library Special Collections and Archives. https://www.lib.uidaho.edu/digital/watkins/",Black and White Photograph,image/jpeg,Image;StillImage,89-1188,eng,"Material has likely passed into public domain. Digital reproductions are made available by University of Idaho Library for educational purposes, and future use should acknowledge this repository. For more information, please contact University of Idaho Library Special Collections and Archives Department at libspec@uidaho.edu. The University of Idaho Library is not liable for any violations of the law by users.",http://rightsstatements.org/vocab/NoC-US/1.0/
watkins19,demo_002.pdf,St. Lawrence Mine 600 ft. level East [no. 1189],"Watkins, Carleton E.",St. Lawrence Mine,600,1890,St. Lawrence 600 level East Ore 35 ft.,"Watkins, Carleton E., 1829-1916; Anaconda Company; Butte (Mont.); Photographic prints",St. Lawrence Mine; Butte; Silver Bow County; Montana; United States,46.01944444,-112.52,"Carleton E. Watkins photographs, 1890, PG 89, University of Idaho Library Special Collections and Archives. https://www.lib.uidaho.edu/digital/watkins/",Black and White Photograph,image/jpeg,Image;StillImage,89-1189,eng,"Material has likely passed into public domain. Digital reproductions are made available by University of Idaho Library for educational purposes, and future use should acknowledge this repository. For more information, please contact University of Idaho Library Special Collections and Archives Department at libspec@uidaho.edu. The University of Idaho Library is not liable for any violations of the law by users.",http://rightsstatements.org/vocab/NoC-US/1.0/
watkins20,demo_003.mp3,St. Lawrence Mine 600 ft. level East [no. 1190],"Watkins, Carleton E.",St. Lawrence Mine,600,1890,St. Lawrence 600 level East Ore 35 ft.,"Watkins, Carleton E., 1829-1916; Anaconda Company; Butte (Mont.); Photographic prints",St. Lawrence Mine; Butte; Silver Bow County; Montana; United States,46.01944444,-112.52,"Carleton E. Watkins photographs, 1890, PG 89, University of Idaho Library Special Collections and Archives. https://www.lib.uidaho.edu/digital/watkins/",Black and White Photograph,image/jpeg,Image;StillImage,89-1190,eng,"Material has likely passed into public domain. Digital reproductions are made available by University of Idaho Library for educational purposes, and future use should acknowledge this repository. For more information, please contact University of Idaho Library Special Collections and Archives Department at libspec@uidaho.edu. The University of Idaho Library is not liable for any violations of the law by users.",http://rightsstatements.org/vocab/NoC-US/1.0/
watkins21,demo_004.jpg,St. Lawrence Mine 600 ft. level East [no. 1191],"Watkins, Carleton E.",St. Lawrence Mine,600,1890,St. Lawrence 600 level East Ore 35 ft.,"Watkins, Carleton E., 1829-1916; Anaconda Company; Butte (Mont.); Photographic prints",St. Lawrence Mine; Butte; Silver Bow County; Montana; United States,46.01944444,-112.52,"Carleton E. Watkins photographs, 1890, PG 89, University of Idaho Library Special Collections and Archives. https://www.lib.uidaho.edu/digital/watkins/",Black and White Photograph,image/jpeg,Image;StillImage,89-1191,eng,"Material has likely passed into public domain. Digital reproductions are made available by University of Idaho Library for educational purposes, and future use should acknowledge this repository. For more information, please contact University of Idaho Library Special Collections and Archives Department at libspec@uidaho.edu. The University of Idaho Library is not liable for any violations of the law by users.",http://rightsstatements.org/vocab/NoC-US/1.0/
watkins22,dentato.jpg,Anaconda Mine 1000 ft. level East [no. 1165],"Watkins, Carleton E.",Anaconda Mine,1000,1890,Anaconda Mine 1000 level East. Wealth of ore 45 ft.,"Watkins, Carleton E., 1829-1916; Anaconda Company; Butte (Mont.); Photographic prints",Anaconda Mine; Butte; Silver Bow County; Montana; United States,46.01972222,-112.5236111,"Carleton E. Watkins photographs, 1890, PG 89, University of Idaho Library Special Collections and Archives. https://www.lib.uidaho.edu/digital/watkins/",Black and White Photograph,image/jpeg,Image;StillImage,89-1165,eng,"Material has likely passed into public domain. Digital reproductions are made available by University of Idaho Library for educational purposes, and future use should acknowledge this repository. For more information, please contact University of Idaho Library Special Collections and Archives Department at libspec@uidaho.edu. The University of Idaho Library is not liable for any violations of the law by users.",http://rightsstatements.org/vocab/NoC-US/1.0/
watkins23,dentato.PNG,St. Lawrence Mine 600 ft. level East [no. 1192],"Watkins, Carleton E.",St. Lawrence Mine,600,1890,St. Lawrence 600 level East Ore 35 ft.,"Watkins, Carleton E., 1829-1916; Anaconda Company; Butte (Mont.); Photographic prints",St. Lawrence Mine; Butte; Silver Bow County; Montana; United States,46.01944444,-112.52,"Carleton E. Watkins photographs, 1890, PG 89, University of Idaho Library Special Collections and Archives. https://www.lib.uidaho.edu/digital/watkins/",Black and White Photograph,image/jpeg,Image;StillImage,89-1192,eng,"Material has likely passed into public domain. Digital reproductions are made available by University of Idaho Library for educational purposes, and future use should acknowledge this repository. For more information, please contact University of Idaho Library Special Collections and Archives Department at libspec@uidaho.edu. The University of Idaho Library is not liable for any violations of the law by users.",http://rightsstatements.org/vocab/NoC-US/1.0/
watkins24,drenten.PNG,High Ore Mine 400 ft. level [no. 1193],"Watkins, Carleton E.",High Ore Mine,400,1890,High ore 400 ft. level Housing Station,"Watkins, Carleton E., 1829-1916; Anaconda Company; Butte (Mont.); Photographic prints",High Ore Mine; Butte; Silver Bow County; Montana; United States,46.02388889,-112.5197222,"Carleton E. Watkins photographs, 1890, PG 89, University of Idaho Library Special Collections and Archives. https://www.lib.uidaho.edu/digital/watkins/",Black and White Photograph,image/jpeg,Image;StillImage,89-1193,eng,"Material has likely passed into public domain. Digital reproductions are made available by University of Idaho Library for educational purposes, and future use should acknowledge this repository. For more information, please contact University of Idaho Library Special Collections and Archives Department at libspec@uidaho.edu. The University of Idaho Library is not liable for any violations of the law by users.",http://rightsstatements.org/vocab/NoC-US/1.0/
watkins25,evers.jpg,High Ore Mine 600 ft. level [no. 1194],"Watkins, Carleton E.",High Ore Mine,600,1890,High ore 600 level Pump Station,"Watkins, Carleton E., 1829-1916; Anaconda Company; Butte (Mont.); Photographic prints",High Ore Mine; Butte; Silver Bow County; Montana; United States,46.02388889,-112.5197222,"Carleton E. Watkins photographs, 1890, PG 89, University of Idaho Library Special Collections and Archives. https://www.lib.uidaho.edu/digital/watkins/",Black and White Photograph,image/jpeg,Image;StillImage,89-1194,eng,"Material has likely passed into public domain. Digital reproductions are made available by University of Idaho Library for educational purposes, and future use should acknowledge this repository. For more information, please contact University of Idaho Library Special Collections and Archives Department at libspec@uidaho.edu. The University of Idaho Library is not liable for any violations of the law by users.",http://rightsstatements.org/vocab/NoC-US/1.0/
watkins26,fennell.png,High Ore Mine 500 ft. level [no. 1195],"Watkins, Carleton E.",High Ore Mine,500,1890,High ore 500 ft. level Housing Station,"Watkins, Carleton E., 1829-1916; Anaconda Company; Butte (Mont.); Photographic prints",High Ore Mine; Butte; Silver Bow County; Montana; United States,46.02388889,-112.5197222,"Carleton E. Watkins photographs, 1890, PG 89, University of Idaho Library Special Collections and Archives. https://www.lib.uidaho.edu/digital/watkins/",Black and White Photograph,image/jpeg,Image;StillImage,89-1195,eng,"Material has likely passed into public domain. Digital reproductions are made available by University of Idaho Library for educational purposes, and future use should acknowledge this repository. For more information, please contact University of Idaho Library Special Collections and Archives Department at libspec@uidaho.edu. The University of Idaho Library is not liable for any violations of the law by users.",http://rightsstatements.org/vocab/NoC-US/1.0/
watkins27,forestal.jpg,High Ore Mine 400 ft. level West [no. 1196],"Watkins, Carleton E.",High Ore Mine,400,1890,High ore 400 ft. level West Showing bulkheading in 1st floor and miner ascending to 2nd floor with hose for drilling machine,"Watkins, Carleton E., 1829-1916; Anaconda Company; Butte (Mont.); Photographic prints",High Ore Mine; Butte; Silver Bow County; Montana; United States,46.02388889,-112.5197222,"Carleton E. Watkins photographs, 1890, PG 89, University of Idaho Library Special Collections and Archives. https://www.lib.uidaho.edu/digital/watkins/",Black and White Photograph,image/jpeg,Image;StillImage,89-1196,eng,"Material has likely passed into public domain. Digital reproductions are made available by University of Idaho Library for educational purposes, and future use should acknowledge this repository. For more information, please contact University of Idaho Library Special Collections and Archives Department at libspec@uidaho.edu. The University of Idaho Library is not liable for any violations of the law by users.",http://rightsstatements.org/vocab/NoC-US/1.0/
watkins28,garbarski.PNG,High Ore Mine 300 ft. level East [no. 1197],"Watkins, Carleton E.",High Ore Mine,300,1890,High ore 300 ft. level East Showing men and drilling machine on fourth floor drilling air on breast,"Watkins, Carleton E., 1829-1916; Anaconda Company; Butte (Mont.); Photographic prints",High Ore Mine; Butte; Silver Bow County; Montana; United States,46.02388889,-112.5197222,"Carleton E. Watkins photographs, 1890, PG 89, University of Idaho Library Special Collections and Archives. https://www.lib.uidaho.edu/digital/watkins/",Black and White Photograph,image/jpeg,Image;StillImage,89-1197,eng,"Material has likely passed into public domain. Digital reproductions are made available by University of Idaho Library for educational purposes, and future use should acknowledge this repository. For more information, please contact University of Idaho Library Special Collections and Archives Department at libspec@uidaho.edu. The University of Idaho Library is not liable for any violations of the law by users.",http://rightsstatements.org/vocab/NoC-US/1.0/
watkins29,greenberg.jpg,High Ore Mine 200 ft. level West [no. 1198],"Watkins, Carleton E.",High Ore Mine,200,1890,High ore 200 ft. level West Showing face of drift. Timber and lagging,"Watkins, Carleton E., 1829-1916; Anaconda Company; Butte (Mont.); Photographic prints",High Ore Mine; Butte; Silver Bow County; Montana; United States,46.02388889,-112.5197222,"Carleton E. Watkins photographs, 1890, PG 89, University of Idaho Library Special Collections and Archives. https://www.lib.uidaho.edu/digital/watkins/",Black and White Photograph,image/jpeg,Image;StillImage,89-1198,eng,"Material has likely passed into public domain. Digital reproductions are made available by University of Idaho Library for educational purposes, and future use should acknowledge this repository. For more information, please contact University of Idaho Library Special Collections and Archives Department at libspec@uidaho.edu. The University of Idaho Library is not liable for any violations of the law by users.",http://rightsstatements.org/vocab/NoC-US/1.0/
watkins30,griffin.jpg,High Ore Mine 600 ft. level East [no. 1199],"Watkins, Carleton E.",High Ore Mine,600,1890,High ore 600 level East Showing ore in breasts,"Watkins, Carleton E., 1829-1916; Anaconda Company; Butte (Mont.); Photographic prints",High Ore Mine; Butte; Silver Bow County; Montana; United States,46.02388889,-112.5197222,"Carleton E. Watkins photographs, 1890, PG 89, University of Idaho Library Special Collections and Archives. https://www.lib.uidaho.edu/digital/watkins/",Black and White Photograph,image/jpeg,Image;StillImage,89-1199,eng,"Material has likely passed into public domain. Digital reproductions are made available by University of Idaho Library for educational purposes, and future use should acknowledge this repository. For more information, please contact University of Idaho Library Special Collections and Archives Department at libspec@uidaho.edu. The University of Idaho Library is not liable for any violations of the law by users.",http://rightsstatements.org/vocab/NoC-US/1.0/
watkins31,haker.jpg,High Ore Mine 600 ft. level West [no. 1200],"Watkins, Carleton E.",High Ore Mine,600,1890,High ore 600 level West Showing miner wheeling ore to chutes Ore 10 ft,"Watkins, Carleton E., 1829-1916; Anaconda Company; Butte (Mont.); Photographic prints",High Ore Mine; Butte; Silver Bow County; Montana; United States,46.02388889,-112.5197222,"Carleton E. Watkins photographs, 1890, PG 89, University of Idaho Library Special Collections and Archives. https://www.lib.uidaho.edu/digital/watkins/",Black and White Photograph,image/jpeg,Image;StillImage,89-1200,eng,"Material has likely passed into public domain. Digital reproductions are made available by University of Idaho Library for educational purposes, and future use should acknowledge this repository. For more information, please contact University of Idaho Library Special Collections and Archives Department at libspec@uidaho.edu. The University of Idaho Library is not liable for any violations of the law by users.",http://rightsstatements.org/vocab/NoC-US/1.0/
watkins32,hallett.jpg,High Ore Mine 300 ft. level East [no. 1201],"Watkins, Carleton E.",High Ore Mine,300,1890,High ore 300 level East Showing drilling machine and bar erected for drilling ore breast,"Watkins, Carleton E., 1829-1916; Anaconda Company; Butte (Mont.); Photographic prints",High Ore Mine; Butte; Silver Bow County; Montana; United States,46.02388889,-112.5197222,"Carleton E. Watkins photographs, 1890, PG 89, University of Idaho Library Special Collections and Archives. https://www.lib.uidaho.edu/digital/watkins/",Black and White Photograph,image/jpeg,Image;StillImage,89-1201,eng,"Material has likely passed into public domain. Digital reproductions are made available by University of Idaho Library for educational purposes, and future use should acknowledge this repository. For more information, please contact University of Idaho Library Special Collections and Archives Department at libspec@uidaho.edu. The University of Idaho Library is not liable for any violations of the law by users.",http://rightsstatements.org/vocab/NoC-US/1.0/
watkins33,hamilton.jpg,Anaconda Mine 1000 ft. level East [no. 1166],"Watkins, Carleton E.",Anaconda Mine,1000,1890,Anaconda Mine 1000 level East. Wealth of ore 45 ft.,"Watkins, Carleton E., 1829-1916; Anaconda Company; Butte (Mont.); Photographic prints",Anaconda Mine; Butte; Silver Bow County; Montana; United States,46.01972222,-112.5236111,"Carleton E. Watkins photographs, 1890, PG 89, University of Idaho Library Special Collections and Archives. https://www.lib.uidaho.edu/digital/watkins/",Black and White Photograph,image/jpeg,Image;StillImage,89-1166,eng,"Material has likely passed into public domain. Digital reproductions are made available by University of Idaho Library for educational purposes, and future use should acknowledge this repository. For more information, please contact University of Idaho Library Special Collections and Archives Department at libspec@uidaho.edu. The University of Idaho Library is not liable for any violations of the law by users.",http://rightsstatements.org/vocab/NoC-US/1.0/
watkins34,hermansen.png,High Ore Mine 400 ft. level East [no. 1202],"Watkins, Carleton E.",High Ore Mine,400,1890,High ore 400 level East Showing ore after blast ore 15 ft,"Watkins, Carleton E., 1829-1916; Anaconda Company; Butte (Mont.); Photographic prints",High Ore Mine; Butte; Silver Bow County; Montana; United States,46.02388889,-112.5197222,"Carleton E. Watkins photographs, 1890, PG 89, University of Idaho Library Special Collections and Archives. https://www.lib.uidaho.edu/digital/watkins/",Black and White Photograph,image/jpeg,Image;StillImage,89-1202,eng,"Material has likely passed into public domain. Digital reproductions are made available by University of Idaho Library for educational purposes, and future use should acknowledge this repository. For more information, please contact University of Idaho Library Special Collections and Archives Department at libspec@uidaho.edu. The University of Idaho Library is not liable for any violations of the law by users.",http://rightsstatements.org/vocab/NoC-US/1.0/
watkins35,hoellein.jpg,High Ore Mine 300 ft. level West [no. 1203],"Watkins, Carleton E.",High Ore Mine,300,1890,High ore 300 ft. level West Showing timbers along foot wall,"Watkins, Carleton E., 1829-1916; Anaconda Company; Butte (Mont.); Photographic prints",High Ore Mine; Butte; Silver Bow County; Montana; United States,46.02388889,-112.5197222,"Carleton E. Watkins photographs, 1890, PG 89, University of Idaho Library Special Collections and Archives. https://www.lib.uidaho.edu/digital/watkins/",Black and White Photograph,image/jpeg,Image;StillImage,89-1203,eng,"Material has likely passed into public domain. Digital reproductions are made available by University of Idaho Library for educational purposes, and future use should acknowledge this repository. For more information, please contact University of Idaho Library Special Collections and Archives Department at libspec@uidaho.edu. The University of Idaho Library is not liable for any violations of the law by users.",http://rightsstatements.org/vocab/NoC-US/1.0/
watkins36,hutchens.png,High Ore Mine 500 ft. level West [no. 1204],"Watkins, Carleton E.",High Ore Mine,500,1890,High ore 500 ft. level West Showing ore and timbers on foot wall,"Watkins, Carleton E., 1829-1916; Anaconda Company; Butte (Mont.); Photographic prints",High Ore Mine; Butte; Silver Bow County; Montana; United States,46.02388889,-112.5197222,"Carleton E. Watkins photographs, 1890, PG 89, University of Idaho Library Special Collections and Archives. https://www.lib.uidaho.edu/digital/watkins/",Black and White Photograph,image/jpeg,Image;StillImage,89-1204,eng,"Material has likely passed into public domain. Digital reproductions are made available by University of Idaho Library for educational purposes, and future use should acknowledge this repository. For more information, please contact University of Idaho Library Special Collections and Archives Department at libspec@uidaho.edu. The University of Idaho Library is not liable for any violations of the law by users.",http://rightsstatements.org/vocab/NoC-US/1.0/
watkins37,janangelo.jpg,High Ore Mine 300 ft. level East [no. 1205],"Watkins, Carleton E.",High Ore Mine,300,1890,High ore 300 ft. level East Showing tripod and drilling machine in operation,"Watkins, Carleton E., 1829-1916; Anaconda Company; Butte (Mont.); Photographic prints",High Ore Mine; Butte; Silver Bow County; Montana; United States,46.02388889,-112.5197222,"Carleton E. Watkins photographs, 1890, PG 89, University of Idaho Library Special Collections and Archives. https://www.lib.uidaho.edu/digital/watkins/",Black and White Photograph,image/jpeg,Image;StillImage,89-1205,eng,"Material has likely passed into public domain. Digital reproductions are made available by University of Idaho Library for educational purposes, and future use should acknowledge this repository. For more information, please contact University of Idaho Library Special Collections and Archives Department at libspec@uidaho.edu. The University of Idaho Library is not liable for any violations of the law by users.",http://rightsstatements.org/vocab/NoC-US/1.0/
watkins38,jules.png,High Ore Mine 300 ft. level West [no. 1206],"Watkins, Carleton E.",High Ore Mine,300,1890,High ore 300 ft. level West Showing [timbering along foot wall landing],"Watkins, Carleton E., 1829-1916; Anaconda Company; Butte (Mont.); Photographic prints",High Ore Mine; Butte; Silver Bow County; Montana; United States,46.02388889,-112.5197222,"Carleton E. Watkins photographs, 1890, PG 89, University of Idaho Library Special Collections and Archives. https://www.lib.uidaho.edu/digital/watkins/",Black and White Photograph,image/jpeg,Image;StillImage,89-1206,eng,"Material has likely passed into public domain. Digital reproductions are made available by University of Idaho Library for educational purposes, and future use should acknowledge this repository. For more information, please contact University of Idaho Library Special Collections and Archives Department at libspec@uidaho.edu. The University of Idaho Library is not liable for any violations of the law by users.",http://rightsstatements.org/vocab/NoC-US/1.0/
watkins39,keenehan.jpeg,High Ore Mine 300 ft. level West [no. 1207],"Watkins, Carleton E.",High Ore Mine,300,1890,High ore 300 ft. level West Showing ore after blasting,"Watkins, Carleton E., 1829-1916; Anaconda Company; Butte (Mont.); Photographic prints",High Ore Mine; Butte; Silver Bow County; Montana; United States,46.02388889,-112.5197222,"Carleton E. Watkins photographs, 1890, PG 89, University of Idaho Library Special Collections and Archives. https://www.lib.uidaho.edu/digital/watkins/",Black and White Photograph,image/jpeg,Image;StillImage,89-1207,eng,"Material has likely passed into public domain. Digital reproductions are made available by University of Idaho Library for educational purposes, and future use should acknowledge this repository. For more information, please contact University of Idaho Library Special Collections and Archives Department at libspec@uidaho.edu. The University of Idaho Library is not liable for any violations of the law by users.",http://rightsstatements.org/vocab/NoC-US/1.0/
watkins40,keller.jpg,High Ore Mine 200 ft. level East [no. 1208],"Watkins, Carleton E.",High Ore Mine,200,1890,High ore 200 ft. level East Showing two sets of ore in face of drift,"Watkins, Carleton E., 1829-1916; Anaconda Company; Butte (Mont.); Photographic prints",High Ore Mine; Butte; Silver Bow County; Montana; United States,46.02388889,-112.5197222,"Carleton E. Watkins photographs, 1890, PG 89, University of Idaho Library Special Collections and Archives. https://www.lib.uidaho.edu/digital/watkins/",Black and White Photograph,image/jpeg,Image;StillImage,89-1208,eng,"Material has likely passed into public domain. Digital reproductions are made available by University of Idaho Library for educational purposes, and future use should acknowledge this repository. For more information, please contact University of Idaho Library Special Collections and Archives Department at libspec@uidaho.edu. The University of Idaho Library is not liable for any violations of the law by users.",http://rightsstatements.org/vocab/NoC-US/1.0/
watkins41,kennedy.jpg,High Ore Mine 200 ft. level East [no. 1209],"Watkins, Carleton E.",High Ore Mine,200,1890,High ore 200 ft. level East Showing ore in hanging wall Ore 15 ft.,"Watkins, Carleton E., 1829-1916; Anaconda Company; Butte (Mont.); Photographic prints",High Ore Mine; Butte; Silver Bow County; Montana; United States,46.02388889,-112.5197222,"Carleton E. Watkins photographs, 1890, PG 89, University of Idaho Library Special Collections and Archives. https://www.lib.uidaho.edu/digital/watkins/",Black and White Photograph,image/jpeg,Image;StillImage,89-1209,eng,"Material has likely passed into public domain. Digital reproductions are made available by University of Idaho Library for educational purposes, and future use should acknowledge this repository. For more information, please contact University of Idaho Library Special Collections and Archives Department at libspec@uidaho.edu. The University of Idaho Library is not liable for any violations of the law by users.",http://rightsstatements.org/vocab/NoC-US/1.0/
watkins42,labraque.png,High Ore Mine 200 ft. level East [no. 1210],"Watkins, Carleton E.",High Ore Mine,200,1890,High ore 200 ft. level East Ore 25 ft.,"Watkins, Carleton E., 1829-1916; Anaconda Company; Butte (Mont.); Photographic prints",High Ore Mine; Butte; Silver Bow County; Montana; United States,46.02388889,-112.5197222,"Carleton E. Watkins photographs, 1890, PG 89, University of Idaho Library Special Collections and Archives. https://www.lib.uidaho.edu/digital/watkins/",Black and White Photograph,image/jpeg,Image;StillImage,89-1210,eng,"Material has likely passed into public domain. Digital reproductions are made available by University of Idaho Library for educational purposes, and future use should acknowledge this repository. For more information, please contact University of Idaho Library Special Collections and Archives Department at libspec@uidaho.edu. The University of Idaho Library is not liable for any violations of the law by users.",http://rightsstatements.org/vocab/NoC-US/1.0/
watkins43,laufer.png,High Ore Mine 400 ft. level East still floor [no. 1211],"Watkins, Carleton E.",High Ore Mine,400,1890,High ore 400 level East sill showing floor Showing ore breast,"Watkins, Carleton E., 1829-1916; Anaconda Company; Butte (Mont.); Photographic prints",High Ore Mine; Butte; Silver Bow County; Montana; United States,46.02388889,-112.5197222,"Carleton E. Watkins photographs, 1890, PG 89, University of Idaho Library Special Collections and Archives. https://www.lib.uidaho.edu/digital/watkins/",Black and White Photograph,image/jpeg,Image;StillImage,89-1211,eng,"Material has likely passed into public domain. Digital reproductions are made available by University of Idaho Library for educational purposes, and future use should acknowledge this repository. For more information, please contact University of Idaho Library Special Collections and Archives Department at libspec@uidaho.edu. The University of Idaho Library is not liable for any violations of the law by users.",http://rightsstatements.org/vocab/NoC-US/1.0/
watkins44,lopez.jpg,Anaconda Mine 1000 ft. level West [no. 1168],"Watkins, Carleton E.",Anaconda Mine,1000,1890,Anaconda Mine 1000 level West. Wealth of ore 75 ft.,"Watkins, Carleton E., 1829-1916; Anaconda Company; Butte (Mont.); Photographic prints",Anaconda Mine; Butte; Silver Bow County; Montana; United States,46.01972222,-112.5236111,"Carleton E. Watkins photographs, 1890, PG 89, University of Idaho Library Special Collections and Archives. https://www.lib.uidaho.edu/digital/watkins/",Black and White Photograph,image/jpeg,Image;StillImage,89-1168,eng,"Material has likely passed into public domain. Digital reproductions are made available by University of Idaho Library for educational purposes, and future use should acknowledge this repository. For more information, please contact University of Idaho Library Special Collections and Archives Department at libspec@uidaho.edu. The University of Idaho Library is not liable for any violations of the law by users.",http://rightsstatements.org/vocab/NoC-US/1.0/
watkins45,mahaffey.jpg,"Mountain Consolidated Mine 100 ft. level Station (note ""1890"" on beam) [no. 1212]","Watkins, Carleton E.",Mountain Consolidated Mine,100,1890,"Mt Com 100 Station [note ""1890"" on beam]","Watkins, Carleton E., 1829-1916; Anaconda Company; Butte (Mont.); Photographic prints",Mountain Consolidated Mine; Butte; Silver Bow County; Montana; United States,46.02333333,-112.5313889,"Carleton E. Watkins photographs, 1890, PG 89, University of Idaho Library Special Collections and Archives. https://www.lib.uidaho.edu/digital/watkins/",Black and White Photograph,image/jpeg,Image;StillImage,89-1212,eng,"Material has likely passed into public domain. Digital reproductions are made available by University of Idaho Library for educational purposes, and future use should acknowledge this repository. For more information, please contact University of Idaho Library Special Collections and Archives Department at libspec@uidaho.edu. The University of Idaho Library is not liable for any violations of the law by users.",http://rightsstatements.org/vocab/NoC-US/1.0/
watkins46,malliaris.jpg,Mountain Consolidated Mine 100 Station at shaft [no. 1214],"Watkins, Carleton E.",Mountain Consolidated Mine,100,1890,Mt Con 100 Station at shaft,"Watkins, Carleton E., 1829-1916; Anaconda Company; Butte (Mont.); Photographic prints",Mountain Consolidated Mine; Butte; Silver Bow County; Montana; United States,46.02333333,-112.5313889,"Carleton E. Watkins photographs, 1890, PG 89, University of Idaho Library Special Collections and Archives. https://www.lib.uidaho.edu/digital/watkins/",Black and White Photograph,image/jpeg,Image;StillImage,89-1214,eng,"Material has likely passed into public domain. Digital reproductions are made available by University of Idaho Library for educational purposes, and future use should acknowledge this repository. For more information, please contact University of Idaho Library Special Collections and Archives Department at libspec@uidaho.edu. The University of Idaho Library is not liable for any violations of the law by users.",http://rightsstatements.org/vocab/NoC-US/1.0/
watkins47,michaud.png,Mountain Consolidated Mine 100 ft. level [no. 1215],"Watkins, Carleton E.",Mountain Consolidated Mine,100,1890,Mt Con 100 level Showing miners replacing and repairing old timbers,"Watkins, Carleton E., 1829-1916; Anaconda Company; Butte (Mont.); Photographic prints",Mountain Consolidated Mine; Butte; Silver Bow County; Montana; United States,46.02333333,-112.5313889,"Carleton E. Watkins photographs, 1890, PG 89, University of Idaho Library Special Collections and Archives. https://www.lib.uidaho.edu/digital/watkins/",Black and White Photograph,image/jpeg,Image;StillImage,89-1215,eng,"Material has likely passed into public domain. Digital reproductions are made available by University of Idaho Library for educational purposes, and future use should acknowledge this repository. For more information, please contact University of Idaho Library Special Collections and Archives Department at libspec@uidaho.edu. The University of Idaho Library is not liable for any violations of the law by users.",http://rightsstatements.org/vocab/NoC-US/1.0/
watkins48,moser.jpg,Mountain Consolidated Mine 400 ft. level East still floor breast [no. 1216],"Watkins, Carleton E.",Mountain Consolidated Mine,400,1890,Mt Con 400 level East sill floor breast. Showing Supt. Carroll and drilling machine in act of drilling ore breast,"Watkins, Carleton E., 1829-1916; Anaconda Company; Butte (Mont.); Photographic prints",Mountain Consolidated Mine; Butte; Silver Bow County; Montana; United States,46.02333333,-112.5313889,"Carleton E. Watkins photographs, 1890, PG 89, University of Idaho Library Special Collections and Archives. https://www.lib.uidaho.edu/digital/watkins/",Black and White Photograph,image/jpeg,Image;StillImage,89-1216,eng,"Material has likely passed into public domain. Digital reproductions are made available by University of Idaho Library for educational purposes, and future use should acknowledge this repository. For more information, please contact University of Idaho Library Special Collections and Archives Department at libspec@uidaho.edu. The University of Idaho Library is not liable for any violations of the law by users.",http://rightsstatements.org/vocab/NoC-US/1.0/
watkins49,mousavian.jpg,Mountain Consolidated Mine 100 ft. level East still floor [no. 1217],"Watkins, Carleton E.",Mountain Consolidated Mine,100,1890,Mt Con 100 level East sill floor.  Showing miners in ore breast filling ore cars. Ore 12 ft.,"Watkins, Carleton E., 1829-1916; Anaconda Company; Butte (Mont.); Photographic prints",Mountain Consolidated Mine; Butte; Silver Bow County; Montana; United States,46.02333333,-112.5313889,"Carleton E. Watkins photographs, 1890, PG 89, University of Idaho Library Special Collections and Archives. https://www.lib.uidaho.edu/digital/watkins/",Black and White Photograph,image/jpeg,Image;StillImage,89-1217,eng,"Material has likely passed into public domain. Digital reproductions are made available by University of Idaho Library for educational purposes, and future use should acknowledge this repository. For more information, please contact University of Idaho Library Special Collections and Archives Department at libspec@uidaho.edu. The University of Idaho Library is not liable for any violations of the law by users.",http://rightsstatements.org/vocab/NoC-US/1.0/
watkins50,nicholson.jpg,Mountain Consolidated Mine 400 ft. level East [no. 1218],"Watkins, Carleton E.",Mountain Consolidated Mine,400,1890,Mt Con 400 level East. Showing drift and timbers 100 ft. west of ore breast,"Watkins, Carleton E., 1829-1916; Anaconda Company; Butte (Mont.); Photographic prints",Mountain Consolidated Mine; Butte; Silver Bow County; Montana; United States,46.02333333,-112.5313889,"Carleton E. Watkins photographs, 1890, PG 89, University of Idaho Library Special Collections and Archives. https://www.lib.uidaho.edu/digital/watkins/",Black and White Photograph,image/jpeg,Image;StillImage,89-1218,eng,"Material has likely passed into public domain. Digital reproductions are made available by University of Idaho Library for educational purposes, and future use should acknowledge this repository. For more information, please contact University of Idaho Library Special Collections and Archives Department at libspec@uidaho.edu. The University of Idaho Library is not liable for any violations of the law by users.",http://rightsstatements.org/vocab/NoC-US/1.0/
watkins51,oksala.png,Mountain Consolidated Mine 100 ft. level West still floor [no. 1219],"Watkins, Carleton E.",Mountain Consolidated Mine,100,1890,Mt Con 100 level West sill floor.  Showing untimbered ore breast,"Watkins, Carleton E., 1829-1916; Anaconda Company; Butte (Mont.); Photographic prints",Mountain Consolidated Mine; Butte; Silver Bow County; Montana; United States,46.02333333,-112.5313889,"Carleton E. Watkins photographs, 1890, PG 89, University of Idaho Library Special Collections and Archives. https://www.lib.uidaho.edu/digital/watkins/",Black and White Photograph,image/jpeg,Image;StillImage,89-1219,eng,"Material has likely passed into public domain. Digital reproductions are made available by University of Idaho Library for educational purposes, and future use should acknowledge this repository. For more information, please contact University of Idaho Library Special Collections and Archives Department at libspec@uidaho.edu. The University of Idaho Library is not liable for any violations of the law by users.",http://rightsstatements.org/vocab/NoC-US/1.0/
watkins52,ottati.jpg,Mountain Consolidated Mine 400 ft. level East still floor [no. 1220],"Watkins, Carleton E.",Mountain Consolidated Mine,400,1890,Mt Con 400 level East sill floor Showing ore breast without timbers,"Watkins, Carleton E., 1829-1916; Anaconda Company; Butte (Mont.); Photographic prints",Mountain Consolidated Mine; Butte; Silver Bow County; Montana; United States,46.02333333,-112.5313889,"Carleton E. Watkins photographs, 1890, PG 89, University of Idaho Library Special Collections and Archives. https://www.lib.uidaho.edu/digital/watkins/",Black and White Photograph,image/jpeg,Image;StillImage,89-1220,eng,"Material has likely passed into public domain. Digital reproductions are made available by University of Idaho Library for educational purposes, and future use should acknowledge this repository. For more information, please contact University of Idaho Library Special Collections and Archives Department at libspec@uidaho.edu. The University of Idaho Library is not liable for any violations of the law by users.",http://rightsstatements.org/vocab/NoC-US/1.0/
watkins53,petrich.jpg,Mountain Consolidated Mine 550 ft. level East still floor,"Watkins, Carleton E.",Mountain Consolidated Mine,550,1890,Mountain Consolidated Mine 550 level East sill floor.  Showing a fine ore breast untimbered,"Watkins, Carleton E., 1829-1916; Anaconda Company; Butte (Mont.); Photographic prints",Mountain Consolidated Mine; Butte; Silver Bow County; Montana; United States,46.02333333,-112.5313889,"Carleton E. Watkins photographs, 1890, PG 89, University of Idaho Library Special Collections and Archives. https://www.lib.uidaho.edu/digital/watkins/",Black and White Photograph,image/jpeg,Image;StillImage,89-1221,eng,"Material has likely passed into public domain. Digital reproductions are made available by University of Idaho Library for educational purposes, and future use should acknowledge this repository. For more information, please contact University of Idaho Library Special Collections and Archives Department at libspec@uidaho.edu. The University of Idaho Library is not liable for any violations of the law by users.",http://rightsstatements.org/vocab/NoC-US/1.0/
watkins54,pine.jpg,Mountain Consolidated Mine 550 ft. level East [no. 1222],"Watkins, Carleton E.",Mountain Consolidated Mine,550,1890,Mt Con 550 level East.  Showing a fine ore body with part of 1st or 2nd floor timbers in sight,"Watkins, Carleton E., 1829-1916; Anaconda Company; Butte (Mont.); Photographic prints",Mountain Consolidated Mine; Butte; Silver Bow County; Montana; United States,46.02333333,-112.5313889,"Carleton E. Watkins photographs, 1890, PG 89, University of Idaho Library Special Collections and Archives. https://www.lib.uidaho.edu/digital/watkins/",Black and White Photograph,image/jpeg,Image;StillImage,89-1222,eng,"Material has likely passed into public domain. Digital reproductions are made available by University of Idaho Library for educational purposes, and future use should acknowledge this repository. For more information, please contact University of Idaho Library Special Collections and Archives Department at libspec@uidaho.edu. The University of Idaho Library is not liable for any violations of the law by users.",http://rightsstatements.org/vocab/NoC-US/1.0/
watkins55,pintchman.jpg,Anaconda Mine 1000 ft. level East [no. 1167],"Watkins, Carleton E.",Anaconda Mine,1000,1890,Anaconda Mine 1000 level East. Wealth of ore 45 ft.,"Watkins, Carleton E., 1829-1916; Anaconda Company; Butte (Mont.); Photographic prints",Anaconda Mine; Butte; Silver Bow County; Montana; United States,46.01972222,-112.5236111,"Carleton E. Watkins photographs, 1890, PG 89, University of Idaho Library Special Collections and Archives. https://www.lib.uidaho.edu/digital/watkins/",Black and White Photograph,image/jpeg,Image;StillImage,89-1167,eng,"Material has likely passed into public domain. Digital reproductions are made available by University of Idaho Library for educational purposes, and future use should acknowledge this repository. For more information, please contact University of Idaho Library Special Collections and Archives Department at libspec@uidaho.edu. The University of Idaho Library is not liable for any violations of the law by users.",http://rightsstatements.org/vocab/NoC-US/1.0/
watkins56,pope.png,Mountain Consolidated Mine 300 ft. level East still floor  [no. 1223],"Watkins, Carleton E.",Mountain Consolidated Mine,300,1890,Mt Con 300 level East still floor.  Ore breast showing miners at world Ore 40 ft,"Watkins, Carleton E., 1829-1916; Anaconda Company; Butte (Mont.); Photographic prints",Mountain Consolidated Mine; Butte; Silver Bow County; Montana; United States,46.02333333,-112.5313889,"Carleton E. Watkins photographs, 1890, PG 89, University of Idaho Library Special Collections and Archives. https://www.lib.uidaho.edu/digital/watkins/",Black and White Photograph,image/jpeg,Image;StillImage,89-1223,eng,"Material has likely passed into public domain. Digital reproductions are made available by University of Idaho Library for educational purposes, and future use should acknowledge this repository. For more information, please contact University of Idaho Library Special Collections and Archives Department at libspec@uidaho.edu. The University of Idaho Library is not liable for any violations of the law by users.",http://rightsstatements.org/vocab/NoC-US/1.0/
watkins57,print.txt,Mountain Consolidated Mine 200 ft. level East sill floor  [no. 1224],"Watkins, Carleton E.",Mountain Consolidated Mine,200,1890,Mt Con 200 level East sill floor.  Showing ore and timbers on hanging wall,"Watkins, Carleton E., 1829-1916; Anaconda Company; Butte (Mont.); Photographic prints",Mountain Consolidated Mine; Butte; Silver Bow County; Montana; United States,46.02333333,-112.5313889,"Carleton E. Watkins photographs, 1890, PG 89, University of Idaho Library Special Collections and Archives. https://www.lib.uidaho.edu/digital/watkins/",Black and White Photograph,image/jpeg,Image;StillImage,89-1224,eng,"Material has likely passed into public domain. Digital reproductions are made available by University of Idaho Library for educational purposes, and future use should acknowledge this repository. For more information, please contact University of Idaho Library Special Collections and Archives Department at libspec@uidaho.edu. The University of Idaho Library is not liable for any violations of the law by users.",http://rightsstatements.org/vocab/NoC-US/1.0/
watkins58,qeadan.jpg,Mountain Consolidated Mine 400 ft. level East sill floor  [no. 1225],"Watkins, Carleton E.",Mountain Consolidated Mine,400,1890,Mt Con 400 level East sill floor.  Showing ore breast,"Watkins, Carleton E., 1829-1916; Anaconda Company; Butte (Mont.); Photographic prints",Mountain Consolidated Mine; Butte; Silver Bow County; Montana; United States,46.02333333,-112.5313889,"Carleton E. Watkins photographs, 1890, PG 89, University of Idaho Library Special Collections and Archives. https://www.lib.uidaho.edu/digital/watkins/",Black and White Photograph,image/jpeg,Image;StillImage,89-1225,eng,"Material has likely passed into public domain. Digital reproductions are made available by University of Idaho Library for educational purposes, and future use should acknowledge this repository. For more information, please contact University of Idaho Library Special Collections and Archives Department at libspec@uidaho.edu. The University of Idaho Library is not liable for any violations of the law by users.",http://rightsstatements.org/vocab/NoC-US/1.0/
watkins59,ramsey.jpg,Mountain Consolidated Mine 200 ft. level East sill floor  [no. 1226],"Watkins, Carleton E.",Mountain Consolidated Mine,200,1890,Mt Con 200 level East sill floor.  Showing ore after a blast.,"Watkins, Carleton E., 1829-1916; Anaconda Company; Butte (Mont.); Photographic prints",Mountain Consolidated Mine; Butte; Silver Bow County; Montana; United States,46.02333333,-112.5313889,"Carleton E. Watkins photographs, 1890, PG 89, University of Idaho Library Special Collections and Archives. https://www.lib.uidaho.edu/digital/watkins/",Black and White Photograph,image/jpeg,Image;StillImage,89-1226,eng,"Material has likely passed into public domain. Digital reproductions are made available by University of Idaho Library for educational purposes, and future use should acknowledge this repository. For more information, please contact University of Idaho Library Special Collections and Archives Department at libspec@uidaho.edu. The University of Idaho Library is not liable for any violations of the law by users.",http://rightsstatements.org/vocab/NoC-US/1.0/
watkins60,README.md,Mountain Consolidated Mine 100 ft. level West sill floor  [no. 1227],"Watkins, Carleton E.",Mountain Consolidated Mine,100,1890,Mt Con 100 level West sill floor.  Showing ore blast of level,"Watkins, Carleton E., 1829-1916; Anaconda Company; Butte (Mont.); Photographic prints",Mountain Consolidated Mine; Butte; Silver Bow County; Montana; United States,46.02333333,-112.5313889,"Carleton E. Watkins photographs, 1890, PG 89, University of Idaho Library Special Collections and Archives. https://www.lib.uidaho.edu/digital/watkins/",Black and White Photograph,image/jpeg,Image;StillImage,89-1227,eng,"Material has likely passed into public domain. Digital reproductions are made available by University of Idaho Library for educational purposes, and future use should acknowledge this repository. For more information, please contact University of Idaho Library Special Collections and Archives Department at libspec@uidaho.edu. The University of Idaho Library is not liable for any violations of the law by users.",http://rightsstatements.org/vocab/NoC-US/1.0/
watkins61,reddon.jpeg,Mountain Consolidated Mine 400 ft. level East sill floor  [no. 1228],"Watkins, Carleton E.",Mountain Consolidated Mine,400,1890,Mt Con 400 level East sill floor.  Ore breast showing ore in foot wall,"Watkins, Carleton E., 1829-1916; Anaconda Company; Butte (Mont.); Photographic prints",Mountain Consolidated Mine; Butte; Silver Bow County; Montana; United States,46.02333333,-112.5313889,"Carleton E. Watkins photographs, 1890, PG 89, University of Idaho Library Special Collections and Archives. https://www.lib.uidaho.edu/digital/watkins/",Black and White Photograph,image/jpeg,Image;StillImage,89-1228,eng,"Material has likely passed into public domain. Digital reproductions are made available by University of Idaho Library for educational purposes, and future use should acknowledge this repository. For more information, please contact University of Idaho Library Special Collections and Archives Department at libspec@uidaho.edu. The University of Idaho Library is not liable for any violations of the law by users.",http://rightsstatements.org/vocab/NoC-US/1.0/
watkins62,rosenblatt.jpg,Mountain Consolidated Mine 400 ft. level East sill floor  [no. 1229],"Watkins, Carleton E.",Mountain Consolidated Mine,400,1890,Mt Con 400 level East sill floor.  Ore breast showing miners drilling in ore.,"Watkins, Carleton E., 1829-1916; Anaconda Company; Butte (Mont.); Photographic prints",Mountain Consolidated Mine; Butte; Silver Bow County; Montana; United States,46.02333333,-112.5313889,"Carleton E. Watkins photographs, 1890, PG 89, University of Idaho Library Special Collections and Archives. https://www.lib.uidaho.edu/digital/watkins/",Black and White Photograph,image/jpeg,Image;StillImage,89-1229,eng,"Material has likely passed into public domain. Digital reproductions are made available by University of Idaho Library for educational purposes, and future use should acknowledge this repository. For more information, please contact University of Idaho Library Special Collections and Archives Department at libspec@uidaho.edu. The University of Idaho Library is not liable for any violations of the law by users.",http://rightsstatements.org/vocab/NoC-US/1.0/
watkins63,schusler.jpg,Mountain Consolidated Mine 300 ft. level East sill floor  [no. 1230],"Watkins, Carleton E.",Mountain Consolidated Mine,300,1890,Mt Con 300 level East sill floor.  Showing ore breast closely timbered.,"Watkins, Carleton E., 1829-1916; Anaconda Company; Butte (Mont.); Photographic prints",Mountain Consolidated Mine; Butte; Silver Bow County; Montana; United States,46.02333333,-112.5313889,"Carleton E. Watkins photographs, 1890, PG 89, University of Idaho Library Special Collections and Archives. https://www.lib.uidaho.edu/digital/watkins/",Black and White Photograph,image/jpeg,Image;StillImage,89-1230,eng,"Material has likely passed into public domain. Digital reproductions are made available by University of Idaho Library for educational purposes, and future use should acknowledge this repository. For more information, please contact University of Idaho Library Special Collections and Archives Department at libspec@uidaho.edu. The University of Idaho Library is not liable for any violations of the law by users.",http://rightsstatements.org/vocab/NoC-US/1.0/
watkins64,shuffelton.jpg,Mountain Consolidated Mine 300 ft. level East sill floor  [no. 1231],"Watkins, Carleton E.",Mountain Consolidated Mine,300,1890,Mt Con 300 level East sill floor.  Ore breast showing ore in foot wall.,"Watkins, Carleton E., 1829-1916; Anaconda Company; Butte (Mont.); Photographic prints",Mountain Consolidated Mine; Butte; Silver Bow County; Montana; United States,46.02333333,-112.5313889,"Carleton E. Watkins photographs, 1890, PG 89, University of Idaho Library Special Collections and Archives. https://www.lib.uidaho.edu/digital/watkins/",Black and White Photograph,image/jpeg,Image;StillImage,89-1231,eng,"Material has likely passed into public domain. Digital reproductions are made available by University of Idaho Library for educational purposes, and future use should acknowledge this repository. For more information, please contact University of Idaho Library Special Collections and Archives Department at libspec@uidaho.edu. The University of Idaho Library is not liable for any violations of the law by users.",http://rightsstatements.org/vocab/NoC-US/1.0/
watkins65,shuffelton.png,Mountain Consolidated Mine 100 ft. level West sill floor  [no. 1232],"Watkins, Carleton E.",Mountain Consolidated Mine,100,1890,Mt Con 100 level West sill floor.  Showing machine drilling ore breast.,"Watkins, Carleton E., 1829-1916; Anaconda Company; Butte (Mont.); Photographic prints",Mountain Consolidated Mine; Butte; Silver Bow County; Montana; United States,46.02333333,-112.5313889,"Carleton E. Watkins photographs, 1890, PG 89, University of Idaho Library Special Collections and Archives. https://www.lib.uidaho.edu/digital/watkins/",Black and White Photograph,image/jpeg,Image;StillImage,89-1232,eng,"Material has likely passed into public domain. Digital reproductions are made available by University of Idaho Library for educational purposes, and future use should acknowledge this repository. For more information, please contact University of Idaho Library Special Collections and Archives Department at libspec@uidaho.edu. The University of Idaho Library is not liable for any violations of the law by users.",http://rightsstatements.org/vocab/NoC-US/1.0/
watkins66,shultz.jpg,Anaconda Mine 1000 ft. level West [no. 1169],"Watkins, Carleton E.",Anaconda Mine,1000,1890,Anaconda Mine 1000 level West. Wealth of ore 75 ft.,"Watkins, Carleton E., 1829-1916; Anaconda Company; Butte (Mont.); Photographic prints",Anaconda Mine; Butte; Silver Bow County; Montana; United States,46.01972222,-112.5236111,"Carleton E. Watkins photographs, 1890, PG 89, University of Idaho Library Special Collections and Archives. https://www.lib.uidaho.edu/digital/watkins/",Black and White Photograph,image/jpeg,Image;StillImage,89-1169,eng,"Material has likely passed into public domain. Digital reproductions are made available by University of Idaho Library for educational purposes, and future use should acknowledge this repository. For more information, please contact University of Idaho Library Special Collections and Archives Department at libspec@uidaho.edu. The University of Idaho Library is not liable for any violations of the law by users.",http://rightsstatements.org/vocab/NoC-US/1.0/
watkins67,silva.jpg,Mountain Consolidated Mine 550 ft. level East sill floor [no. 1233],"Watkins, Carleton E.",Mountain Consolidated Mine,550,1890,Mt Con 550 level East sill floor.  Showing ore breast on hanging wall.,"Watkins, Carleton E., 1829-1916; Anaconda Company; Butte (Mont.); Photographic prints",Mountain Consolidated Mine; Butte; Silver Bow County; Montana; United States,46.02333333,-112.5313889,"Carleton E. Watkins photographs, 1890, PG 89, University of Idaho Library Special Collections and Archives. https://www.lib.uidaho.edu/digital/watkins/",Black and White Photograph,image/jpeg,Image;StillImage,89-1233,eng,"Material has likely passed into public domain. Digital reproductions are made available by University of Idaho Library for educational purposes, and future use should acknowledge this repository. For more information, please contact University of Idaho Library Special Collections and Archives Department at libspec@uidaho.edu. The University of Idaho Library is not liable for any violations of the law by users.",http://rightsstatements.org/vocab/NoC-US/1.0/
watkins68,silva.png,Mountain Consolidated Mine 200 ft. level East sill floor [no. 1234],"Watkins, Carleton E.",Mountain Consolidated Mine,200,1890,Mt Con 200 level East sill floor.  Showing ore breast.,"Watkins, Carleton E., 1829-1916; Anaconda Company; Butte (Mont.); Photographic prints",Mountain Consolidated Mine; Butte; Silver Bow County; Montana; United States,46.02333333,-112.5313889,"Carleton E. Watkins photographs, 1890, PG 89, University of Idaho Library Special Collections and Archives. https://www.lib.uidaho.edu/digital/watkins/",Black and White Photograph,image/jpeg,Image;StillImage,89-1234,eng,"Material has likely passed into public domain. Digital reproductions are made available by University of Idaho Library for educational purposes, and future use should acknowledge this repository. For more information, please contact University of Idaho Library Special Collections and Archives Department at libspec@uidaho.edu. The University of Idaho Library is not liable for any violations of the law by users.",http://rightsstatements.org/vocab/NoC-US/1.0/
watkins69,silveira.jpg,Mountain Consolidated Mine 550 ft. level East sill floor,"Watkins, Carleton E.",Mountain Consolidated Mine,550,1890,Mountain Consolidated Mine 550 level East sill floor.  Showing drilling machine drilling ore breast . Ore 45 ft.,"Watkins, Carleton E., 1829-1916; Anaconda Company; Butte (Mont.); Photographic prints",Mountain Consolidated Mine; Butte; Silver Bow County; Montana; United States,46.02333333,-112.5313889,"Carleton E. Watkins photographs, 1890, PG 89, University of Idaho Library Special Collections and Archives. https://www.lib.uidaho.edu/digital/watkins/",Black and White Photograph,image/jpeg,Image;StillImage,89-1235,eng,"Material has likely passed into public domain. Digital reproductions are made available by University of Idaho Library for educational purposes, and future use should acknowledge this repository. For more information, please contact University of Idaho Library Special Collections and Archives Department at libspec@uidaho.edu. The University of Idaho Library is not liable for any violations of the law by users.",http://rightsstatements.org/vocab/NoC-US/1.0/
watkins70,singer.jpg,Mountain Consolidated Mine 400 ft. level East [no. 1236],"Watkins, Carleton E.",Mountain Consolidated Mine,400,1890,Mt Con 400 level East.  Showing two sets of ore in face timbered close to breast.  Ore 25 ft.,"Watkins, Carleton E., 1829-1916; Anaconda Company; Butte (Mont.); Photographic prints",Mountain Consolidated Mine; Butte; Silver Bow County; Montana; United States,46.02333333,-112.5313889,"Carleton E. Watkins photographs, 1890, PG 89, University of Idaho Library Special Collections and Archives. https://www.lib.uidaho.edu/digital/watkins/",Black and White Photograph,image/jpeg,Image;StillImage,89-1236,eng,"Material has likely passed into public domain. Digital reproductions are made available by University of Idaho Library for educational purposes, and future use should acknowledge this repository. For more information, please contact University of Idaho Library Special Collections and Archives Department at libspec@uidaho.edu. The University of Idaho Library is not liable for any violations of the law by users.",http://rightsstatements.org/vocab/NoC-US/1.0/
watkins71,staidum.png,Mountain Consolidated Mine 300 ft. level West [no. 1237],"Watkins, Carleton E.",Mountain Consolidated Mine,300,1890,Mt Con 300 level West.  Showing course of extraction of ore.  Ore 30 ft.,"Watkins, Carleton E., 1829-1916; Anaconda Company; Butte (Mont.); Photographic prints",Mountain Consolidated Mine; Butte; Silver Bow County; Montana; United States,46.02333333,-112.5313889,"Carleton E. Watkins photographs, 1890, PG 89, University of Idaho Library Special Collections and Archives. https://www.lib.uidaho.edu/digital/watkins/",Black and White Photograph,image/jpeg,Image;StillImage,89-1237,eng,"Material has likely passed into public domain. Digital reproductions are made available by University of Idaho Library for educational purposes, and future use should acknowledge this repository. For more information, please contact University of Idaho Library Special Collections and Archives Department at libspec@uidaho.edu. The University of Idaho Library is not liable for any violations of the law by users.",http://rightsstatements.org/vocab/NoC-US/1.0/
watkins72,tallman.jpg,Mountain Consolidated Mine 400 ft. level East [no. 1238],"Watkins, Carleton E.",Mountain Consolidated Mine,400,1890,Mt Con 400 level East.  Showing ore towards hanging wall.,"Watkins, Carleton E., 1829-1916; Anaconda Company; Butte (Mont.); Photographic prints",Mountain Consolidated Mine; Butte; Silver Bow County; Montana; United States,46.02333333,-112.5313889,"Carleton E. Watkins photographs, 1890, PG 89, University of Idaho Library Special Collections and Archives. https://www.lib.uidaho.edu/digital/watkins/",Black and White Photograph,image/jpeg,Image;StillImage,89-1238,eng,"Material has likely passed into public domain. Digital reproductions are made available by University of Idaho Library for educational purposes, and future use should acknowledge this repository. For more information, please contact University of Idaho Library Special Collections and Archives Department at libspec@uidaho.edu. The University of Idaho Library is not liable for any violations of the law by users.",http://rightsstatements.org/vocab/NoC-US/1.0/
watkins73,tangarife.jpg,Mountain Consolidated Mine 400 ft. level East,"Watkins, Carleton E.",Mountain Consolidated Mine,400,1890,Showing waste filling between timbers 25 ft. From ore breast.  Ore 25 ft. Mountain Consolidated Mine 400 ft. level East,"Watkins, Carleton E., 1829-1916; Anaconda Company; Butte (Mont.); Photographic prints",Mountain Consolidated Mine; Butte; Silver Bow County; Montana; United States,46.02333333,-112.5313889,"Carleton E. Watkins photographs, 1890, PG 89, University of Idaho Library Special Collections and Archives. https://www.lib.uidaho.edu/digital/watkins/",Black and White Photograph,image/jpeg,Image;StillImage,89-1239,eng,"Material has likely passed into public domain. Digital reproductions are made available by University of Idaho Library for educational purposes, and future use should acknowledge this repository. For more information, please contact University of Idaho Library Special Collections and Archives Department at libspec@uidaho.edu. The University of Idaho Library is not liable for any violations of the law by users.",http://rightsstatements.org/vocab/NoC-US/1.0/
watkins74,thiruvathukal.PNG,Mountain Consolidated Mine 550 ft. level East [no. 1240],"Watkins, Carleton E.",Mountain Consolidated Mine,550,1890,Mt Con 550 level East.  Showing ore in breast.,"Watkins, Carleton E., 1829-1916; Anaconda Company; Butte (Mont.); Photographic prints",Mountain Consolidated Mine; Butte; Silver Bow County; Montana; United States,46.02333333,-112.5313889,"Carleton E. Watkins photographs, 1890, PG 89, University of Idaho Library Special Collections and Archives. https://www.lib.uidaho.edu/digital/watkins/",Black and White Photograph,image/jpeg,Image;StillImage,89-1240,eng,"Material has likely passed into public domain. Digital reproductions are made available by University of Idaho Library for educational purposes, and future use should acknowledge this repository. For more information, please contact University of Idaho Library Special Collections and Archives Department at libspec@uidaho.edu. The University of Idaho Library is not liable for any violations of the law by users.",http://rightsstatements.org/vocab/NoC-US/1.0/
watkins75,valussi.PNG,Mountain Consolidated Mine 400 ft. level East [no. 1241],"Watkins, Carleton E.",Mountain Consolidated Mine,400,1890,Mt Con 550 level East.  Showing drilling machine in operation.,"Watkins, Carleton E., 1829-1916; Anaconda Company; Butte (Mont.); Photographic prints",Mountain Consolidated Mine; Butte; Silver Bow County; Montana; United States,46.02333333,-112.5313889,"Carleton E. Watkins photographs, 1890, PG 89, University of Idaho Library Special Collections and Archives. https://www.lib.uidaho.edu/digital/watkins/",Black and White Photograph,image/jpeg,Image;StillImage,89-1241,eng,"Material has likely passed into public domain. Digital reproductions are made available by University of Idaho Library for educational purposes, and future use should acknowledge this repository. For more information, please contact University of Idaho Library Special Collections and Archives Department at libspec@uidaho.edu. The University of Idaho Library is not liable for any violations of the law by users.",http://rightsstatements.org/vocab/NoC-US/1.0/
watkins76,webster.jpeg,Mountain Consolidated Mine 550 ft. level East [no. 1242],"Watkins, Carleton E.",Mountain Consolidated Mine,550,1890,Mt Con 550 level East.  Showing ore after blasting.,"Watkins, Carleton E., 1829-1916; Anaconda Company; Butte (Mont.); Photographic prints",Mountain Consolidated Mine; Butte; Silver Bow County; Montana; United States,46.02333333,-112.5313889,"Carleton E. Watkins photographs, 1890, PG 89, University of Idaho Library Special Collections and Archives. https://www.lib.uidaho.edu/digital/watkins/",Black and White Photograph,image/jpeg,Image;StillImage,89-1242,eng,"Material has likely passed into public domain. Digital reproductions are made available by University of Idaho Library for educational purposes, and future use should acknowledge this repository. For more information, please contact University of Idaho Library Special Collections and Archives Department at libspec@uidaho.edu. The University of Idaho Library is not liable for any violations of the law by users.",http://rightsstatements.org/vocab/NoC-US/1.0/
watkins77,webster.jpg,Anaconda Mine 1000 ft. level West [no. 1170],"Watkins, Carleton E.",Anaconda Mine,1000,1890,Anaconda Mine 1000 level West Ore 75 ft.,"Watkins, Carleton E., 1829-1916; Anaconda Company; Butte (Mont.); Photographic prints",Anaconda Mine; Butte; Silver Bow County; Montana; United States,46.01972222,-112.5236111,"Carleton E. Watkins photographs, 1890, PG 89, University of Idaho Library Special Collections and Archives. https://www.lib.uidaho.edu/digital/watkins/",Black and White Photograph,image/jpeg,Image;StillImage,89-1170,eng,"Material has likely passed into public domain. Digital reproductions are made available by University of Idaho Library for educational purposes, and future use should acknowledge this repository. For more information, please contact University of Idaho Library Special Collections and Archives Department at libspec@uidaho.edu. The University of Idaho Library is not liable for any violations of the law by users.",http://rightsstatements.org/vocab/NoC-US/1.0/
watkins78,wheeler.jpeg,Mountain Consolidated Mine 550 ft. level [no. 1243],"Watkins, Carleton E.",Mountain Consolidated Mine,550,1890,Mt Con 550 level.  Pump station.,"Watkins, Carleton E., 1829-1916; Anaconda Company; Butte (Mont.); Photographic prints",Mountain Consolidated Mine; Butte; Silver Bow County; Montana; United States,46.02333333,-112.5313889,"Carleton E. Watkins photographs, 1890, PG 89, University of Idaho Library Special Collections and Archives. https://www.lib.uidaho.edu/digital/watkins/",Black and White Photograph,image/jpeg,Image;StillImage,89-1243,eng,"Material has likely passed into public domain. Digital reproductions are made available by University of Idaho Library for educational purposes, and future use should acknowledge this repository. For more information, please contact University of Idaho Library Special Collections and Archives Department at libspec@uidaho.edu. The University of Idaho Library is not liable for any violations of the law by users.",http://rightsstatements.org/vocab/NoC-US/1.0/
watkins79,williams.png,Anaconda Mine 1000 ft. level West [no. 1171],"Watkins, Carleton E.",Anaconda Mine,1000,1890,Anaconda Mine 1000 level West Ore 75 ft.,"Watkins, Carleton E., 1829-1916; Anaconda Company; Butte (Mont.); Photographic prints",Anaconda Mine; Butte; Silver Bow County; Montana; United States,46.01972222,-112.5236111,"Carleton E. Watkins photographs, 1890, PG 89, University of Idaho Library Special Collections and Archives. https://www.lib.uidaho.edu/digital/watkins/",Black and White Photograph,image/jpeg,Image;StillImage,89-1171,eng,"Material has likely passed into public domain. Digital reproductions are made available by University of Idaho Library for educational purposes, and future use should acknowledge this repository. For more information, please contact University of Idaho Library Special Collections and Archives Department at libspec@uidaho.edu. The University of Idaho Library is not liable for any violations of the law by users.",http://rightsstatements.org/vocab/NoC-US/1.0/